Workbook

Sheet Study Plan
A1: # | B1: Phase | C1: Topic | D1: Sub-Pattern | E1: Topic Order# | F1: Priority | G1: Problem | H1: Pattern / Approach Note | I1: Status | J1: Needs Revisit | K1: Date Solved | L1: Notes | M1: LeetCode Link | N1: Walkthrough
A2: 1 | B2: Phase 1 · Foundations | C2: 📦 Arrays & Matrices | D2: Warm-ups — basic scan and indexing | E2: 1 | F2: Must-do | G2: Concatenation of Array | H2: Re-index into a 2×N array. | I2: Solved | K2: 46165 | M2: =HYPERLINK("https://leetcode.com/problems/concatenation-of-array/","Solve on LeetCode ↗") | N2: =HYPERLINK("https://github.com/Prateek-5/question-bank/blob/main/DSA/Topics/Arrays_and_Matrices/learn/Concatenation_of_Array.md","View Walkthrough ↗")
A3: 2 | B3: Phase 1 · Foundations | C3: 📦 Arrays & Matrices | D3: Warm-ups — basic scan and indexing | E3: 2 | F3: Must-do | G3: Fizz Buzz | H3: Branching on divisibility; cleanest hello-world. | I3: Solved | K3: 46165 | M3: =HYPERLINK("https://leetcode.com/problems/fizz-buzz/","Solve on LeetCode ↗") | N3: =HYPERLINK("https://github.com/Prateek-5/question-bank/blob/main/DSA/Topics/Arrays_and_Matrices/learn/Fizz_Buzz.md","View Walkthrough ↗")
A4: 3 | B4: Phase 1 · Foundations | C4: 📦 Arrays & Matrices | D4: Warm-ups — basic scan and indexing | E4: 3 | G4: Maximum Number of Words Found in Sentences | H4: Per-row max via split. | I4: Solved | K4: 46165 | M4: =HYPERLINK("https://leetcode.com/problems/maximum-number-of-words-found-in-sentences/","Solve on LeetCode ↗") | N4: =HYPERLINK("https://github.com/Prateek-5/question-bank/blob/main/DSA/Topics/Arrays_and_Matrices/learn/Maximum_Number_of_Words_Found_in_Sentences.md","View Walkthrough ↗")
A5: 4 | B5: Phase 1 · Foundations | C5: 📦 Arrays & Matrices | D5: Matrix access — 2D indexing | E5: 4 | F5: Must-do | G5: Matrix Diagonal Sum | H5: Main + anti-diagonal; handle odd-size middle. | I5: Solved | J5: Yes | K5: 46165 | M5: =HYPERLINK("https://leetcode.com/problems/matrix-diagonal-sum/","Solve on LeetCode ↗") | N5: =HYPERLINK("https://github.com/Prateek-5/question-bank/blob/main/DSA/Topics/Arrays_and_Matrices/learn/Matrix_Diagonal_Sum.md","View Walkthrough ↗")
A6: 5 | B6: Phase 1 · Foundations | C6: 📦 Arrays & Matrices | D6: Matrix access — 2D indexing | E6: 5 | F6: Must-do | G6: Spiral Matrix II | H6: Boundary-walking simulation with four directions. | I6: Skipped | M6: =HYPERLINK("https://leetcode.com/problems/spiral-matrix-ii/","Solve on LeetCode ↗") | N6: =HYPERLINK("https://github.com/Prateek-5/question-bank/blob/main/DSA/Topics/Arrays_and_Matrices/learn/Spiral_Matrix_II.md","View Walkthrough ↗")
A7: 6 | B7: Phase 1 · Foundations | C7: 📦 Arrays & Matrices | D7: Sweep / observation | E7: 6 | G7: Maximum Gap | H7: Bucket sort to beat sort's O(n log n). Senior signal. | I7: Skipped | M7: =HYPERLINK("https://leetcode.com/problems/maximum-gap/","Solve on LeetCode ↗") | N7: =HYPERLINK("https://github.com/Prateek-5/question-bank/blob/main/DSA/Topics/Arrays_and_Matrices/learn/Maximum_Gap.md","View Walkthrough ↗")
A8: 7 | B8: Phase 1 · Foundations | C8: 📦 Arrays & Matrices | D8: Sweep / observation | E8: 7 | G8: Total Hamming Distance | H8: Bit-by-bit contribution; O(n × 32) not O(n²). | I8: Solved | J8: Yes | K8: 46166 | M8: =HYPERLINK("https://leetcode.com/problems/total-hamming-distance/","Solve on LeetCode ↗") | N8: =HYPERLINK("https://github.com/Prateek-5/question-bank/blob/main/DSA/Topics/Arrays_and_Matrices/learn/Total_Hamming_Distance.md","View Walkthrough ↗")
A9: 8 | B9: Phase 1 · Foundations | C9: 📦 Arrays & Matrices | D9: Sweep / observation | E9: 8 | G9: Maximum Absolute Value Expression | H9: Math trick to remove absolute values via sign enumeration. | I9: Skipped | M9: =HYPERLINK("https://leetcode.com/problems/maximum-of-absolute-value-expression/","Solve on LeetCode ↗") | N9: =HYPERLINK("https://github.com/Prateek-5/question-bank/blob/main/DSA/Topics/Arrays_and_Matrices/learn/Maximum_Absolute_Value_Expression.md","View Walkthrough ↗")
A10: 9 | B10: Phase 1 · Foundations | C10: 📦 Arrays & Matrices | D10: Classic finale | E10: 9 | F10: Must-do | G10: Trapping Rain Water | H10: Two-pointer or precomputed L/R max. THE classic. | I10: Solved | J10: Yes | K10: 46166 | M10: =HYPERLINK("https://leetcode.com/problems/trapping-rain-water/","Solve on LeetCode ↗") | N10: =HYPERLINK("https://github.com/Prateek-5/question-bank/blob/main/DSA/Topics/Arrays_and_Matrices/learn/Trapping_Rain_Water.md","View Walkthrough ↗")
A11: 10 | B11: Phase 1 · Foundations | C11: 📊 1-D & 2-D Arrays | D11: Prefix sum — 1D | E11: 1 | F11: Must-do | G11: Running Sum of 1D Array | H11: Literally the prefix-sum array. The reflex starts here. | I11: Solved | K11: 46166 | M11: =HYPERLINK("https://leetcode.com/problems/running-sum-of-1d-array/","Solve on LeetCode ↗") | N11: =HYPERLINK("https://github.com/Prateek-5/question-bank/blob/main/DSA/Topics/1_D_and_2_D_Arrays/learn/Running_Sum_of_1D_Array.md","View Walkthrough ↗")
A12: 11 | B12: Phase 1 · Foundations | C12: 📊 1-D & 2-D Arrays | D12: 2D scan (no prefix yet) | E12: 2 | F12: Must-do | G12: Richest Customer Wealth | H12: Row sums + max. | I12: Solved | K12: 46166 | M12: =HYPERLINK("https://leetcode.com/problems/richest-customer-wealth/","Solve on LeetCode ↗") | N12: =HYPERLINK("https://github.com/Prateek-5/question-bank/blob/main/DSA/Topics/1_D_and_2_D_Arrays/learn/Richest_Customer_Wealth.md","View Walkthrough ↗")
A13: 12 | B13: Phase 1 · Foundations | C13: 📊 1-D & 2-D Arrays | D13: 2D scan (no prefix yet) | E13: 3 | G13: Special Positions in a Binary Matrix | H13: Precompute row + column counts. | I13: Solved | J13: Yes | K13: 46166 | M13: =HYPERLINK("https://leetcode.com/problems/special-positions-in-a-binary-matrix/","Solve on LeetCode ↗") | N13: =HYPERLINK("https://github.com/Prateek-5/question-bank/blob/main/DSA/Topics/1_D_and_2_D_Arrays/learn/Special_Positions_in_a_Binary_Matrix.md","View Walkthrough ↗")
A14: 13 | B14: Phase 1 · Foundations | C14: 📊 1-D & 2-D Arrays | D14: Index mapping | E14: 4 | F14: Must-do | G14: Convert 1D Array Into 2D Array | H14: `i = k/cols, j = k%cols`. | I14: Solved | J14: Yes | K14: 46167 | M14: =HYPERLINK("https://leetcode.com/problems/convert-1d-array-into-2d-array/","Solve on LeetCode ↗") | N14: =HYPERLINK("https://github.com/Prateek-5/question-bank/blob/main/DSA/Topics/1_D_and_2_D_Arrays/learn/Convert_1D_Array_Into_2D_Array.md","View Walkthrough ↗")
A15: 14 | B15: Phase 1 · Foundations | C15: 📊 1-D & 2-D Arrays | D15: Greedy on arrays | E15: 5 | G15: Max Chunks To Make Sorted | H15: Running max equals current index → chunk boundary. | I15: Skipped | M15: =HYPERLINK("https://leetcode.com/problems/max-chunks-to-make-sorted/","Solve on LeetCode ↗") | N15: =HYPERLINK("https://github.com/Prateek-5/question-bank/blob/main/DSA/Topics/1_D_and_2_D_Arrays/learn/Max_Chunks_To_Make_Sorted.md","View Walkthrough ↗")
A16: 15 | B16: Phase 1 · Foundations | C16: 📊 1-D & 2-D Arrays | D16: Contribution / submatrix sums | E16: 6 | G16: Sum of All Submatrices Odd Length Subarrays | H16: Each element's contribution = (number of subarrays containing it). Classic counting trick. | I16: Skipped | M16: =HYPERLINK("https://leetcode.com/problems/sum-of-all-odd-length-subarrays/","Solve on LeetCode ↗") | N16: =HYPERLINK("https://github.com/Prateek-5/question-bank/blob/main/DSA/Topics/1_D_and_2_D_Arrays/learn/Sum_of_All_Submatrices_Odd_Length_Subarrays.md","View Walkthrough ↗")
A17: 16 | B17: Phase 1 · Foundations | C17: 📊 1-D & 2-D Arrays | D17: 2D prefix sum | E17: 7 | F17: Must-do | G17: Range Sum Query 2D Immutable | H17: 2D prefix sum via inclusion-exclusion. | I17: Skipped | M17: =HYPERLINK("https://leetcode.com/problems/range-sum-query-2d-immutable/","Solve on LeetCode ↗") | N17: =HYPERLINK("https://github.com/Prateek-5/question-bank/blob/main/DSA/Topics/1_D_and_2_D_Arrays/learn/Range_Sum_Query_2D_Immutable.md","View Walkthrough ↗")
A18: 17 | B18: Phase 1 · Foundations | C18: 📊 1-D & 2-D Arrays | D18: Sorted 2D search | E18: 8 | F18: Must-do | G18: Search a 2D Matrix II | H18: Staircase search from top-right (or bottom-left). O(n+m). | I18: Skipped | M18: =HYPERLINK("https://leetcode.com/problems/search-a-2d-matrix-ii/","Solve on LeetCode ↗") | N18: =HYPERLINK("https://github.com/Prateek-5/question-bank/blob/main/DSA/Topics/1_D_and_2_D_Arrays/learn/Search_a_2D_Matrix_II.md","View Walkthrough ↗")
A19: 18 | B19: Phase 1 · Foundations | C19: 🔍 Two Pointers | D19: Sorted-array opposing pointers | E19: 1 | F19: Must-do | G19: Two Sum II Input Array Is Sorted | H19: The template. `lo, hi`, move based on sum vs target. | I19: Solved | K19: 46054 | M19: =HYPERLINK("https://leetcode.com/problems/two-sum-ii-input-array-is-sorted/","Solve on LeetCode ↗") | N19: =HYPERLINK("https://github.com/Prateek-5/question-bank/blob/main/DSA/Topics/Two_Pointers/learn/Two_Sum_II_Input_Array_Is_Sorted.md","View Walkthrough ↗")
A20: 19 | B20: Phase 1 · Foundations | C20: 🔍 Two Pointers | D20: Sorted-array opposing pointers | E20: 2 | F20: Must-do | G20: Container With Most Water | H20: Same shape, different metric. Move the shorter side. | I20: Solved | K20: 46053 | M20: =HYPERLINK("https://leetcode.com/problems/container-with-most-water/","Solve on LeetCode ↗") | N20: =HYPERLINK("https://github.com/Prateek-5/question-bank/blob/main/DSA/Topics/Two_Pointers/learn/Container_With_Most_Water.md","View Walkthrough ↗")
A21: 20 | B21: Phase 1 · Foundations | C21: 🔍 Two Pointers | D21: k-sum family | E21: 3 | F21: Must-do | G21: 3Sum | H21: Fix one, two-pointer the rest. Dedup carefully. | I21: Solved | J21: Yes | K21: 46054 | M21: =HYPERLINK("https://leetcode.com/problems/3sum/","Solve on LeetCode ↗") | N21: =HYPERLINK("https://github.com/Prateek-5/question-bank/blob/main/DSA/Topics/Two_Pointers/learn/3Sum.md","View Walkthrough ↗")
A22: 21 | B22: Phase 1 · Foundations | C22: 🔍 Two Pointers | D22: Pair problems with constraints | E22: 4 | G22: Minimize Maximum Pair Sum in Array | H22: Sort + pair from ends. | I22: Not Started | J22: Yes | M22: =HYPERLINK("https://leetcode.com/problems/minimize-maximum-pair-sum-in-array/description/","Solve on LeetCode ↗") | N22: =HYPERLINK("https://github.com/Prateek-5/question-bank/blob/main/DSA/Topics/Two_Pointers/learn/Minimize_Maximum_Pair_Sum_in_Array.md","View Walkthrough ↗")
A23: 22 | B23: Phase 1 · Foundations | C23: 🔍 Two Pointers | D23: Pair problems with constraints | E23: 5 | G23: K diff Pairs in an Array | H23: Sorted two-pointer with difference target. | I23: Not Started | J23: Yes | M23: =HYPERLINK("https://leetcode.com/problems/k-diff-pairs-in-an-array/","Solve on LeetCode ↗") | N23: =HYPERLINK("https://github.com/Prateek-5/question-bank/blob/main/DSA/Topics/Two_Pointers/learn/K_diff_Pairs_in_an_Array.md","View Walkthrough ↗")
A24: 23 | B24: Phase 1 · Foundations | C24: 🔍 Two Pointers | D24: Two-pointer variant of a classic | E24: 6 | G24: Trapping Rain Water | H24: Same problem as in `Arrays_and_Matrices/`, but solved with O(1) extra space via two pointers. Compare to the L/R precomputed version. | I24: Solved | K24: 46053 | M24: =HYPERLINK("https://leetcode.com/problems/trapping-rain-water/","Solve on LeetCode ↗") | N24: =HYPERLINK("https://github.com/Prateek-5/question-bank/blob/main/DSA/Topics/Two_Pointers/learn/Trapping_Rain_Water.md","View Walkthrough ↗")
A25: 24 | B25: Phase 1 · Foundations | C25: 🔍 Two Pointers | D25: Multi-pointer DP-flavored | E25: 7 | G25: Ugly Number II | H25: Three pointers tracking ×2, ×3, ×5 progress. Atypical but illuminating. | I25: Not Started | J25: Yes | M25: =HYPERLINK("https://leetcode.com/problems/ugly-number-ii/","Solve on LeetCode ↗") | N25: =HYPERLINK("https://github.com/Prateek-5/question-bank/blob/main/DSA/Topics/Two_Pointers/learn/Ugly_Number_II.md","View Walkthrough ↗")
A26: 25 | B26: Phase 1 · Foundations | C26: 🧮 Hashing / Sliding Window | D26: Hash for frequency | E26: 1 | F26: Must-do | G26: Valid Anagram | H26: Char count map. | I26: Solved | J26: Yes | K26: 46168 | M26: =HYPERLINK("https://leetcode.com/problems/valid-anagram/","Solve on LeetCode ↗") | N26: =HYPERLINK("https://github.com/Prateek-5/question-bank/blob/main/DSA/Topics/Hashing_Sliding_Window/learn/Valid_Anagram.md","View Walkthrough ↗")
A27: 26 | B27: Phase 1 · Foundations | C27: 🧮 Hashing / Sliding Window | D27: Multi-key hash | E27: 2 | F27: Must-do | G27: Valid Sudoku | H27: Three sets per category (row, col, box). | I27: Solved | J27: Yes | K27: 46168 | M27: =HYPERLINK("https://leetcode.com/problems/valid-sudoku/","Solve on LeetCode ↗") | N27: =HYPERLINK("https://github.com/Prateek-5/question-bank/blob/main/DSA/Topics/Hashing_Sliding_Window/learn/Valid_Sudoku.md","View Walkthrough ↗")
A28: 27 | B28: Phase 1 · Foundations | C28: 🧮 Hashing / Sliding Window | D28: Prefix sum + hash (subarray-sum) | E28: 3 | F28: Must-do | G28: Subarray Sum Equals K | H28: `count[prefix - k]`. THE canonical pattern. | I28: Skipped | M28: =HYPERLINK("https://leetcode.com/problems/subarray-sum-equals-k/","Solve on LeetCode ↗") | N28: =HYPERLINK("https://github.com/Prateek-5/question-bank/blob/main/DSA/Topics/Hashing_Sliding_Window/learn/Subarray_Sum_Equals_K.md","View Walkthrough ↗")
A29: 28 | B29: Phase 1 · Foundations | C29: 🧮 Hashing / Sliding Window | D29: Prefix sum + hash (subarray-sum) | E29: 4 | G29: Maximum Size Subarray Sum Equals K | H29: Variant: track first occurrence for max length. | I29: Skipped | M29: =HYPERLINK("https://leetcode.com/problems/maximum-size-subarray-sum-equals-k/","Solve on LeetCode ↗") | N29: =HYPERLINK("https://github.com/Prateek-5/question-bank/blob/main/DSA/Topics/Hashing_Sliding_Window/learn/Maximum_Size_Subarray_Sum_Equals_K.md","View Walkthrough ↗")
A30: 29 | B30: Phase 1 · Foundations | C30: 🧮 Hashing / Sliding Window | D30: Prefix sum + hash (subarray-sum) | E30: 5 | G30: Largest Subarray With 0 Sum | H30: Same idea, target = 0. | I30: Skipped | M30: =HYPERLINK("https://www.geeksforgeeks.org/problems/largest-subarray-with-0-sum/1","Solve on LeetCode ↗") | N30: =HYPERLINK("https://github.com/Prateek-5/question-bank/blob/main/DSA/Topics/Hashing_Sliding_Window/learn/Largest_Subarray_With_0_Sum.md","View Walkthrough ↗")
A31: 30 | B31: Phase 1 · Foundations | C31: 🧮 Hashing / Sliding Window | D31: Set-based | E31: 6 | F31: Must-do | G31: Longest Consecutive Sequence | H31: Build set, start only at run-beginnings (where `n-1` not in set). O(n). | I31: Skipped | M31: =HYPERLINK("https://leetcode.com/problems/longest-consecutive-sequence/","Solve on LeetCode ↗") | N31: =HYPERLINK("https://github.com/Prateek-5/question-bank/blob/main/DSA/Topics/Hashing_Sliding_Window/learn/Longest_Consecutive_Sequence.md","View Walkthrough ↗")
A32: 31 | B32: Phase 1 · Foundations | C32: 🧮 Hashing / Sliding Window | D32: Sliding window — variable size | E32: 7 | F32: Must-do | G32: Longest Substring Without Repeating Characters | H32: Window + last-index map. | I32: Skipped | M32: =HYPERLINK("https://leetcode.com/problems/longest-substring-without-repeating-characters/","Solve on LeetCode ↗") | N32: =HYPERLINK("https://github.com/Prateek-5/question-bank/blob/main/DSA/Topics/Hashing_Sliding_Window/learn/Longest_Substring_Without_Repeating_Characters.md","View Walkthrough ↗")
A33: 32 | B33: Phase 1 · Foundations | C33: 🧮 Hashing / Sliding Window | D33: Sliding window — variable size | E33: 8 | G33: Minimum Window Substring | H33: Window + need-count + satisfied counter. The hardest window template. | I33: Skipped | M33: =HYPERLINK("https://leetcode.com/problems/minimum-window-substring/","Solve on LeetCode ↗") | N33: =HYPERLINK("https://github.com/Prateek-5/question-bank/blob/main/DSA/Topics/Hashing_Sliding_Window/learn/Minimum_Window_Substring.md","View Walkthrough ↗")
A34: 33 | B34: Phase 1 · Foundations | C34: 🧮 Hashing / Sliding Window | D34: Hash + clever insight | E34: 9 | G34: Palindrome Pairs | H34: Map word → index; for each word, check splits where one side is palindrome and other reversed exists. | I34: Skipped | M34: =HYPERLINK("https://leetcode.com/problems/palindrome-pairs/","Solve on LeetCode ↗") | N34: =HYPERLINK("https://github.com/Prateek-5/question-bank/blob/main/DSA/Topics/Hashing_Sliding_Window/learn/Palindrome_Pairs.md","View Walkthrough ↗")
A35: 34 | B35: Phase 1 · Foundations | C35: 🧮 Hashing / Sliding Window | D35: Hash + clever insight | E35: 10 | G35: Max Points on a Line | H35: Slope hash; tricky equal-points and vertical-line edge cases. | I35: Skipped | M35: =HYPERLINK("https://leetcode.com/problems/max-points-on-a-line/","Solve on LeetCode ↗") | N35: =HYPERLINK("https://github.com/Prateek-5/question-bank/blob/main/DSA/Topics/Hashing_Sliding_Window/learn/Max_Points_on_a_Line.md","View Walkthrough ↗")
A36: 35 | B36: Phase 1 · Foundations | C36: 📚 Stack | D36: Balanced parens / string simulation | E36: 1 | F36: Must-do | G36: Valid Parentheses | H36: The hello-world of stacks. Push openers, match on closers. | I36: Solved | K36: 46168 | M36: =HYPERLINK("https://leetcode.com/problems/valid-parentheses/","Solve on LeetCode ↗") | N36: =HYPERLINK("https://github.com/Prateek-5/question-bank/blob/main/DSA/Topics/Stack/learn/Valid_Parentheses.md","View Walkthrough ↗")
A37: 36 | B37: Phase 1 · Foundations | C37: 📚 Stack | D37: Balanced parens / string simulation | E37: 2 | G37: Remove Outermost Parentheses | H37: Depth counter (a stack of size 1 conceptually). | I37: Skipped | M37: =HYPERLINK("https://leetcode.com/problems/remove-outermost-parentheses/","Solve on LeetCode ↗") | N37: =HYPERLINK("https://github.com/Prateek-5/question-bank/blob/main/DSA/Topics/Stack/learn/Remove_Outermost_Parentheses.md","View Walkthrough ↗")
A38: 37 | B38: Phase 1 · Foundations | C38: 📚 Stack | D38: Balanced parens / string simulation | E38: 3 | F38: Must-do | G38: Remove All Adjacent Duplicates in String | H38: Stack of chars; pop on match. | I38: Solved | K38: 46168 | M38: =HYPERLINK("https://leetcode.com/problems/remove-all-adjacent-duplicates-in-string/","Solve on LeetCode ↗") | N38: =HYPERLINK("https://github.com/Prateek-5/question-bank/blob/main/DSA/Topics/Stack/learn/Remove_All_Adjacent_Duplicates_in_String.md","View Walkthrough ↗")
A39: 38 | B39: Phase 1 · Foundations | C39: 📚 Stack | D39: Stack design | E39: 4 | F39: Must-do | G39: Min Stack | H39: Auxiliary stack tracking min so far. O(1) min. | I39: Skipped | M39: =HYPERLINK("https://leetcode.com/problems/min-stack/","Solve on LeetCode ↗") | N39: =HYPERLINK("https://github.com/Prateek-5/question-bank/blob/main/DSA/Topics/Stack/learn/Min_Stack.md","View Walkthrough ↗")
A40: 39 | B40: Phase 1 · Foundations | C40: 📚 Stack | D40: Expression eval | E40: 5 | G40: Baseball Game | H40: Stack of scores; operations transform top elements. | I40: Solved | J40: Yes | K40: 46168 | M40: =HYPERLINK("https://leetcode.com/problems/baseball-game/","Solve on LeetCode ↗") | N40: =HYPERLINK("https://github.com/Prateek-5/question-bank/blob/main/DSA/Topics/Stack/learn/Baseball_Game.md","View Walkthrough ↗")
A41: 40 | B41: Phase 1 · Foundations | C41: 📚 Stack | D41: Expression eval | E41: 6 | F41: Must-do | G41: Evaluate Reverse Polish Notation | H41: Postfix → stack of operands. | I41: Solved | K41: 46168 | M41: =HYPERLINK("https://leetcode.com/problems/evaluate-reverse-polish-notation/","Solve on LeetCode ↗") | N41: =HYPERLINK("https://github.com/Prateek-5/question-bank/blob/main/DSA/Topics/Stack/learn/Evaluate_Reverse_Polish_Notation.md","View Walkthrough ↗")
A42: 41 | B42: Phase 1 · Foundations | C42: 📚 Stack | D42: Expression eval | E42: 7 | G42: Expression Contains Redundant Bracket or Not | H42: Detect `(...)` with no operator inside. | I42: Skipped | M42: =HYPERLINK("https://www.geeksforgeeks.org/problems/expression-contains-redundant-bracket-or-not/1","Solve on LeetCode ↗") | N42: =HYPERLINK("https://github.com/Prateek-5/question-bank/blob/main/DSA/Topics/Stack/learn/Expression_Contains_Redundant_Bracket_or_Not.md","View Walkthrough ↗")
A43: 42 | B43: Phase 1 · Foundations | C43: 📚 Stack | D43: Monotonic stack | E43: 8 | F43: Must-do | G43: Next Greater Element I | H43: Build NGE for nums2 via decreasing stack, look up for nums1. The template. | I43: Solved | J43: Yes | K43: 46169 | M43: =HYPERLINK("https://leetcode.com/problems/next-greater-element-i/","Solve on LeetCode ↗") | N43: =HYPERLINK("https://github.com/Prateek-5/question-bank/blob/main/DSA/Topics/Stack/learn/Next_Greater_Element_I.md","View Walkthrough ↗")
A44: 43 | B44: Phase 1 · Foundations | C44: 📚 Stack | D44: Monotonic stack | E44: 9 | F44: Must-do | G44: Daily Temperatures | H44: NGE returning distance. | I44: Solved | J44: Yes | K44: 46169 | M44: =HYPERLINK("https://leetcode.com/problems/daily-temperatures/","Solve on LeetCode ↗") | N44: =HYPERLINK("https://github.com/Prateek-5/question-bank/blob/main/DSA/Topics/Stack/learn/Daily_Temperatures.md","View Walkthrough ↗")
A45: 44 | B45: Phase 1 · Foundations | C45: 📚 Stack | D45: Monotonic stack | E45: 10 | F45: Must-do | G45: Largest Rectangle in Histogram | H45: Increasing stack; on pop compute area with current index as right boundary. THE classic. | I45: Skipped | M45: =HYPERLINK("https://leetcode.com/problems/largest-rectangle-in-histogram/","Solve on LeetCode ↗") | N45: =HYPERLINK("https://github.com/Prateek-5/question-bank/blob/main/DSA/Topics/Stack/learn/Largest_Rectangle_in_Histogram.md","View Walkthrough ↗")
A46: 45 | B46: Phase 1 · Foundations | C46: 🔗 Linked List | D46: Design — implement the API | E46: 1 | F46: Must-do | G46: Design Linked List | H46: Build it yourself: `addAtHead`, `addAtTail`, `addAtIndex`, `get`, `delete`. Establishes every primitive you'll use later. | I46: Skipped | M46: =HYPERLINK("https://leetcode.com/problems/design-linked-list/","Solve on LeetCode ↗") | N46: =HYPERLINK("https://github.com/Prateek-5/question-bank/blob/main/DSA/Topics/Linked_List/learn/Design_Linked_List.md","View Walkthrough ↗")
A47: 46 | B47: Phase 1 · Foundations | C47: 🔗 Linked List | D47: Single-node tricks | E47: 2 | G47: Delete Node in a Linked List | H47: Copy-and-skip trick when you don't have the head. Clever puzzle. | I47: Solved | K47: 46112 | M47: =HYPERLINK("https://leetcode.com/problems/delete-node-in-a-linked-list/","Solve on LeetCode ↗") | N47: =HYPERLINK("https://github.com/Prateek-5/question-bank/blob/main/DSA/Topics/Linked_List/learn/Delete_Node_in_a_Linked_List.md","View Walkthrough ↗")
A48: 47 | B48: Phase 1 · Foundations | C48: 🔗 Linked List | D48: Dummy-head idiom | E48: 3 | F48: Must-do | G48: Remove Linked List Elements | H48: Dummy head before iteration so you can delete the original head uniformly. | I48: Solved | J48: Yes | K48: 46112 | M48: =HYPERLINK("https://leetcode.com/problems/remove-linked-list-elements/","Solve on LeetCode ↗") | N48: =HYPERLINK("https://github.com/Prateek-5/question-bank/blob/main/DSA/Topics/Linked_List/learn/Remove_Linked_List_Elements.md","View Walkthrough ↗")
A49: 48 | B49: Phase 1 · Foundations | C49: 🔗 Linked List | D49: In-place reverse (THE pattern) | E49: 4 | F49: Must-do | G49: Reverse Linked List | H49: `prev / cur / nxt` three-pointer iterative reverse. Burn into reflex. | I49: Solved | J49: Yes | K49: 46170 | M49: =HYPERLINK("https://leetcode.com/problems/reverse-linked-list/","Solve on LeetCode ↗") | N49: =HYPERLINK("https://github.com/Prateek-5/question-bank/blob/main/DSA/Topics/Linked_List/learn/Reverse_Linked_List.md","View Walkthrough ↗")
A50: 49 | B50: Phase 1 · Foundations | C50: 🔗 Linked List | D50: Slow / fast (Floyd's tortoise and hare) | E50: 5 | F50: Must-do | G50: Middle of the Linked List | H50: Slow moves 1, fast moves 2. | I50: Solved | K50: 46170 | M50: =HYPERLINK("https://leetcode.com/problems/middle-of-the-linked-list/","Solve on LeetCode ↗") | N50: =HYPERLINK("https://github.com/Prateek-5/question-bank/blob/main/DSA/Topics/Linked_List/learn/Middle_of_the_Linked_List.md","View Walkthrough ↗")
A51: 50 | B51: Phase 1 · Foundations | C51: 🔗 Linked List | D51: Slow / fast (Floyd's tortoise and hare) | E51: 6 | F51: Must-do | G51: Remove Nth Node From End of List | H51: Fixed-gap two-pointer; gap = n. | I51: Solved | J51: Yes | K51: 46170 | M51: =HYPERLINK("https://leetcode.com/problems/remove-nth-node-from-end-of-list/","Solve on LeetCode ↗") | N51: =HYPERLINK("https://github.com/Prateek-5/question-bank/blob/main/DSA/Topics/Linked_List/learn/Remove_Nth_Node_From_End_of_List.md","View Walkthrough ↗")
A52: 51 | B52: Phase 1 · Foundations | C52: 🔗 Linked List | D52: Slow / fast (Floyd's tortoise and hare) | E52: 7 | F52: Must-do | G52: Linked List Cycle | H52: Floyd's cycle detection. | I52: Solved | K52: 46170 | M52: =HYPERLINK("https://leetcode.com/problems/linked-list-cycle/","Solve on LeetCode ↗") | N52: =HYPERLINK("https://github.com/Prateek-5/question-bank/blob/main/DSA/Topics/Linked_List/learn/Linked_List_Cycle.md","View Walkthrough ↗")
A53: 52 | B53: Phase 1 · Foundations | C53: 🔗 Linked List | D53: Slow / fast (Floyd's tortoise and hare) | E53: 8 | F53: Must-do | G53: Linked List Cycle II | H53: After detection, reset one pointer to head — they meet at the cycle start. The math is elegant. | I53: Solved | J53: Yes | K53: 46170 | M53: =HYPERLINK("https://leetcode.com/problems/linked-list-cycle-ii/","Solve on LeetCode ↗") | N53: =HYPERLINK("https://github.com/Prateek-5/question-bank/blob/main/DSA/Topics/Linked_List/learn/Linked_List_Cycle_II.md","View Walkthrough ↗")
A54: 53 | B54: Phase 1 · Foundations | C54: 🔗 Linked List | D54: Compose patterns — merge and palindrome | E54: 9 | F54: Must-do | G54: Merge Two Sorted Lists | H54: Dummy head + zip-merge. Foundation for Merge K (in Heap). | I54: Solved | J54: Yes | K54: 46173 | M54: =HYPERLINK("https://leetcode.com/problems/merge-two-sorted-lists/","Solve on LeetCode ↗") | N54: =HYPERLINK("https://github.com/Prateek-5/question-bank/blob/main/DSA/Topics/Linked_List/learn/Merge_Two_Sorted_Lists.md","View Walkthrough ↗")
A55: 54 | B55: Phase 1 · Foundations | C55: 🔗 Linked List | D55: Compose patterns — merge and palindrome | E55: 10 | G55: Palindrome Linked List | H55: Find middle + reverse second half + compare. Composes 3 patterns. | I55: Solved | K55: 46112 | M55: =HYPERLINK("https://leetcode.com/problems/palindrome-linked-list/","Solve on LeetCode ↗") | N55: =HYPERLINK("https://github.com/Prateek-5/question-bank/blob/main/DSA/Topics/Linked_List/learn/Palindrome_Linked_List.md","View Walkthrough ↗")
A56: 55 | B56: Phase 1 · Foundations | C56: 🔗 Linked List | D56: Light traversal | E56: 11 | G56: Convert Binary Number in a Linked List to Integer | H56: Walk + accumulate. Warm-up if you need a break. | I56: Solved | J56: Yes | K56: 46112 | M56: =HYPERLINK("https://leetcode.com/problems/convert-binary-number-in-a-linked-list-to-integer/","Solve on LeetCode ↗") | N56: =HYPERLINK("https://github.com/Prateek-5/question-bank/blob/main/DSA/Topics/Linked_List/learn/Convert_Binary_Number_in_a_Linked_List_to_Integer.md","View Walkthrough ↗")
A57: 56 | B57: Phase 1 · Foundations | C57: 🔍 Searching / Binary Search | D57: Lower / upper bound — boundary precision | E57: 1 | F57: Must-do | G57: Find First and Last Position of Element in Sorted Array | H57: Lower-bound for first, upper-bound for last. Memorize the templates. | I57: Solved | K57: 46173 | M57: =HYPERLINK("https://leetcode.com/problems/find-first-and-last-position-of-element-in-sorted-array/","Solve on LeetCode ↗") | N57: =HYPERLINK("https://github.com/Prateek-5/question-bank/blob/main/DSA/Topics/Searching_Binary_Search/learn/Find_First_and_Last_Position_of_Element_in_Sorted_Array.md","View Walkthrough ↗")
A58: 57 | B58: Phase 1 · Foundations | C58: 🔍 Searching / Binary Search | D58: Shape-based search | E58: 2 | F58: Must-do | G58: Find Peak Element | H58: Move toward the larger neighbor. | I58: Solved | J58: Yes | K58: 46173 | M58: =HYPERLINK("https://leetcode.com/problems/find-peak-element/","Solve on LeetCode ↗") | N58: =HYPERLINK("https://github.com/Prateek-5/question-bank/blob/main/DSA/Topics/Searching_Binary_Search/learn/Find_Peak_Element.md","View Walkthrough ↗")
A59: 58 | B59: Phase 1 · Foundations | C59: 🔍 Searching / Binary Search | D59: Shape-based search | E59: 3 | F59: Must-do | G59: Search in Rotated Sorted Array | H59: Decide which half is sorted, then check target's range. | I59: Solved | J59: Yes | K59: 46179 | M59: =HYPERLINK("https://leetcode.com/problems/search-in-rotated-sorted-array/","Solve on LeetCode ↗") | N59: =HYPERLINK("https://github.com/Prateek-5/question-bank/blob/main/DSA/Topics/Searching_Binary_Search/learn/Search_in_Rotated_Sorted_Array.md","View Walkthrough ↗")
A60: 59 | B60: Phase 1 · Foundations | C60: 🔍 Searching / Binary Search | D60: Invariant search | E60: 4 | G60: Single Element in a Sorted Array | H60: Pair-index invariant (`mid ^ 1`) breaks when single element is to the left. | I60: Solved | J60: Yes | K60: 46179 | M60: =HYPERLINK("https://leetcode.com/problems/single-element-in-a-sorted-array/description/","Solve on LeetCode ↗") | N60: =HYPERLINK("https://github.com/Prateek-5/question-bank/blob/main/DSA/Topics/Searching_Binary_Search/learn/Single_Element_in_a_Sorted_Array.md","View Walkthrough ↗")
A61: 60 | B61: Phase 1 · Foundations | C61: 🔍 Searching / Binary Search | D61: Sorted matrix | E61: 5 | G61: Search a 2D Matrix | H61: Treat matrix as flat sorted array; binary search with index math. | I61: Solved | K61: 46179 | M61: =HYPERLINK("https://leetcode.com/problems/search-a-2d-matrix/","Solve on LeetCode ↗") | N61: =HYPERLINK("https://github.com/Prateek-5/question-bank/blob/main/DSA/Topics/Searching_Binary_Search/learn/Search_a_2D_Matrix.md","View Walkthrough ↗")
A62: 61 | B62: Phase 1 · Foundations | C62: 🔍 Searching / Binary Search | D62: Binary search on the answer | E62: 6 | F62: Must-do | G62: Capacity To Ship Packages Within D Days | H62: Binary search the capacity; predicate is `canShipIn(D, capacity)`. | I62: Solved | K62: 46179 | M62: =HYPERLINK("https://leetcode.com/problems/capacity-to-ship-packages-within-d-days/","Solve on LeetCode ↗") | N62: =HYPERLINK("https://github.com/Prateek-5/question-bank/blob/main/DSA/Topics/Searching_Binary_Search/learn/Capacity_To_Ship_Packages_Within_D_Days.md","View Walkthrough ↗")
A63: 62 | B63: Phase 1 · Foundations | C63: 🔍 Searching / Binary Search | D63: Binary search on the answer | E63: 7 | G63: Magnetic Force Between Two Balls | H63: Binary search the gap; predicate is `canPlaceMBallsWithGap(g)`. | I63: Skipped | M63: =HYPERLINK("https://leetcode.com/problems/magnetic-force-between-two-balls/","Solve on LeetCode ↗") | N63: =HYPERLINK("https://github.com/Prateek-5/question-bank/blob/main/DSA/Topics/Searching_Binary_Search/learn/Magnetic_Force_Between_Two_Balls.md","View Walkthrough ↗")
A64: 63 | B64: Phase 1 · Foundations | C64: 🔍 Searching / Binary Search | D64: Math + search | E64: 8 | G64: Smallest Good Base | H64: Number-theoretic; binary search on the base. Hardest of the set. | I64: Skipped | M64: =HYPERLINK("https://leetcode.com/problems/smallest-good-base/description/","Solve on LeetCode ↗") | N64: =HYPERLINK("https://github.com/Prateek-5/question-bank/blob/main/DSA/Topics/Searching_Binary_Search/learn/Smallest_Good_Base.md","View Walkthrough ↗")
A65: 64 | B65: Phase 2 · Structures & Idioms | C65: ➗ Math | D65: Observation / digit ops | E65: 1 | F65: Must-do | G65: Add Digits | H65: Digital root; closed-form `1 + (n-1) % 9`. (the closed form is the senior signal) | I65: Solved | K65: 46167 | M65: =HYPERLINK("https://leetcode.com/problems/add-digits/","Solve on LeetCode ↗") | N65: =HYPERLINK("https://github.com/Prateek-5/question-bank/blob/main/DSA/Topics/Math/learn/Add_Digits.md","View Walkthrough ↗")
A66: 65 | B66: Phase 2 · Structures & Idioms | C66: ➗ Math | D66: Observation / digit ops | E66: 2 | G66: Determine Color of a Chessboard Square | H66: Parity of row + column. | I66: Solved | K66: 46167 | M66: =HYPERLINK("https://leetcode.com/problems/determine-color-of-a-chessboard-square/","Solve on LeetCode ↗") | N66: =HYPERLINK("https://github.com/Prateek-5/question-bank/blob/main/DSA/Topics/Math/learn/Determine_Color_of_a_Chessboard_Square.md","View Walkthrough ↗")
A67: 66 | B67: Phase 2 · Structures & Idioms | C67: ➗ Math | D67: Observation / digit ops | E67: 3 | G67: Day of the Week | H67: Zeller's congruence or counted-days reference. | I67: Skipped | M67: =HYPERLINK("https://leetcode.com/problems/day-of-the-week/","Solve on LeetCode ↗") | N67: =HYPERLINK("https://github.com/Prateek-5/question-bank/blob/main/DSA/Topics/Math/learn/Day_of_the_Week.md","View Walkthrough ↗")
A68: 67 | B68: Phase 2 · Structures & Idioms | C68: ➗ Math | D68: Arithmetic sequences | E68: 4 | G68: Count of Matches in Tournament | H68: Each match eliminates one team → `n - 1`. Closed form > simulation. | I68: Solved | K68: 46167 | M68: =HYPERLINK("https://leetcode.com/problems/count-of-matches-in-tournament/","Solve on LeetCode ↗") | N68: =HYPERLINK("https://github.com/Prateek-5/question-bank/blob/main/DSA/Topics/Math/learn/Count_of_Matches_in_Tournament.md","View Walkthrough ↗")
A69: 68 | B69: Phase 2 · Structures & Idioms | C69: ➗ Math | D69: Arithmetic sequences | E69: 5 | G69: Find the Pivot Integer | H69: Sum-of-1-to-n; algebra over loop. | I69: Skipped | M69: =HYPERLINK("https://leetcode.com/problems/find-the-pivot-integer/","Solve on LeetCode ↗") | N69: =HYPERLINK("https://github.com/Prateek-5/question-bank/blob/main/DSA/Topics/Math/learn/Find_the_Pivot_Integer.md","View Walkthrough ↗")
A70: 69 | B70: Phase 2 · Structures & Idioms | C70: ➗ Math | D70: GCD / divisibility | E70: 6 | F70: Must-do | G70: Find Greatest Common Divisor of Array | H70: `gcd(min, max)`. Know Euclid's algorithm. | I70: Skipped | M70: =HYPERLINK("https://leetcode.com/problems/find-greatest-common-divisor-of-array/","Solve on LeetCode ↗") | N70: =HYPERLINK("https://github.com/Prateek-5/question-bank/blob/main/DSA/Topics/Math/learn/Find_Greatest_Common_Divisor_of_Array.md","View Walkthrough ↗")
A71: 70 | B71: Phase 2 · Structures & Idioms | C71: ➗ Math | D71: GCD / divisibility | E71: 7 | F71: Must-do | G71: Subarray Sums Divisible by K | H71: Prefix sum mod K; hash. Bridges Math into Hashing. | I71: Skipped | M71: =HYPERLINK("https://leetcode.com/problems/subarray-sums-divisible-by-k/","Solve on LeetCode ↗") | N71: =HYPERLINK("https://github.com/Prateek-5/question-bank/blob/main/DSA/Topics/Math/learn/Subarray_Sums_Divisible_by_K.md","View Walkthrough ↗")
A72: 71 | B72: Phase 2 · Structures & Idioms | C72: 🧮 Bit Manipulation | D72: Counting / popcount | E72: 1 | F72: Must-do | G72: Number of 1 Bits | H72: Brian Kernighan's trick: `n & (n-1)` clears the lowest set bit. | I72: Solved | K72: 46168 | M72: =HYPERLINK("https://leetcode.com/problems/number-of-1-bits/","Solve on LeetCode ↗") | N72: =HYPERLINK("https://github.com/Prateek-5/question-bank/blob/main/DSA/Topics/Bit_Manipulation/learn/Number_of_1_Bits.md","View Walkthrough ↗")
A73: 72 | B73: Phase 2 · Structures & Idioms | C73: 🧮 Bit Manipulation | D73: Bit movement | E73: 2 | G73: Reverse Bits | H73: Bit-by-bit shift, or divide-and-conquer swap (halves, quarters, ...). | I73: Solved | J73: Yes | K73: 46168 | M73: =HYPERLINK("https://leetcode.com/problems/reverse-bits/","Solve on LeetCode ↗") | N73: =HYPERLINK("https://github.com/Prateek-5/question-bank/blob/main/DSA/Topics/Bit_Manipulation/learn/Reverse_Bits.md","View Walkthrough ↗")
A74: 73 | B74: Phase 2 · Structures & Idioms | C74: 🧮 Bit Manipulation | D74: XOR algebra | E74: 3 | F74: Must-do | G74: Single Number | H74: `a ^ a = 0`, `a ^ 0 = a`. XOR all elements; pairs cancel. | I74: Solved | K74: 46168 | M74: =HYPERLINK("https://leetcode.com/problems/single-number/","Solve on LeetCode ↗") | N74: =HYPERLINK("https://github.com/Prateek-5/question-bank/blob/main/DSA/Topics/Bit_Manipulation/learn/Single_Number.md","View Walkthrough ↗")
A75: 74 | B75: Phase 2 · Structures & Idioms | C75: 🧮 Bit Manipulation | D75: XOR algebra | E75: 4 | G75: Single Number II | H75: Bit-count mod 3, or two-counter state machine. The state-machine version is the senior signal. | I75: Solved | J75: Yes | K75: 46168 | M75: =HYPERLINK("https://leetcode.com/problems/single-number-ii/","Solve on LeetCode ↗") | N75: =HYPERLINK("https://github.com/Prateek-5/question-bank/blob/main/DSA/Topics/Bit_Manipulation/learn/Single_Number_II.md","View Walkthrough ↗")
A76: 75 | B76: Phase 2 · Structures & Idioms | C76: 🚦 Queues / Deque / Monotonic Queue | D76: Conversions — stack ↔ queue | E76: 1 | F76: Must-do | G76: Implement Queue using Stacks | H76: Two-stack amortized-O(1) pattern. | I76: Skipped | M76: =HYPERLINK("https://leetcode.com/problems/implement-queue-using-stacks/","Solve on LeetCode ↗") | N76: =HYPERLINK("https://github.com/Prateek-5/question-bank/blob/main/DSA/Topics/Queues_Deque_Monotonic_Queue/learn/Implement_Queue_using_Stacks.md","View Walkthrough ↗")
A77: 76 | B77: Phase 2 · Structures & Idioms | C77: 🚦 Queues / Deque / Monotonic Queue | D77: Conversions — stack ↔ queue | E77: 2 | G77: Implement Stack using Queues | H77: Push-O(n) or pop-O(n) tradeoff. | I77: Skipped | M77: =HYPERLINK("https://leetcode.com/problems/implement-stack-using-queues/","Solve on LeetCode ↗") | N77: =HYPERLINK("https://github.com/Prateek-5/question-bank/blob/main/DSA/Topics/Queues_Deque_Monotonic_Queue/learn/Implement_Stack_using_Queues.md","View Walkthrough ↗")
A78: 77 | B78: Phase 2 · Structures & Idioms | C78: 🚦 Queues / Deque / Monotonic Queue | D78: Stack-flavored (sometimes filed here, sometimes in Stack) | E78: 3 | G78: Longest Valid Parentheses | H78: Stack of indices; DP also works. | I78: Skipped | M78: =HYPERLINK("https://leetcode.com/problems/longest-valid-parentheses/","Solve on LeetCode ↗") | N78: =HYPERLINK("https://github.com/Prateek-5/question-bank/blob/main/DSA/Topics/Queues_Deque_Monotonic_Queue/learn/Longest_Valid_Parentheses.md","View Walkthrough ↗")
A79: 78 | B79: Phase 2 · Structures & Idioms | C79: 🚦 Queues / Deque / Monotonic Queue | D79: Greedy / circular array | E79: 4 | F79: Must-do | G79: Gas Station | H79: Single pass + reset-on-deficit. Tank tracks running balance. | I79: Skipped | M79: =HYPERLINK("https://leetcode.com/problems/gas-station/","Solve on LeetCode ↗") | N79: =HYPERLINK("https://github.com/Prateek-5/question-bank/blob/main/DSA/Topics/Queues_Deque_Monotonic_Queue/learn/Gas_Station.md","View Walkthrough ↗")
A80: 79 | B80: Phase 2 · Structures & Idioms | C80: 🚦 Queues / Deque / Monotonic Queue | D80: Monotonic deque — the real reason this topic exists | E80: 5 | F80: Must-do | G80: Sliding Window Maximum | H80: Decreasing deque; front is window max; pop back while smaller, pop front when out of window. (senior bar) | I80: Skipped | M80: =HYPERLINK("https://leetcode.com/problems/sliding-window-maximum/","Solve on LeetCode ↗") | N80: =HYPERLINK("https://github.com/Prateek-5/question-bank/blob/main/DSA/Topics/Queues_Deque_Monotonic_Queue/learn/Sliding_Window_Maximum.md","View Walkthrough ↗")
A81: 80 | B81: Phase 2 · Structures & Idioms | C81: 🔄 Sorting / Divide & Conquer | D81: Dutch flag — 3-way partition | E81: 1 | F81: Must-do | G81: Sort Colors | H81: Three pointers `lo, mid, hi`. The classic. | I81: Not Started | M81: =HYPERLINK("https://leetcode.com/problems/sort-colors/","Solve on LeetCode ↗") | N81: =HYPERLINK("https://github.com/Prateek-5/question-bank/blob/main/DSA/Topics/Sorting_Divide_and_Conquer/learn/Sort_Colors.md","View Walkthrough ↗")
A82: 81 | B82: Phase 2 · Structures & Idioms | C82: 🔄 Sorting / Divide & Conquer | D82: Quickselect | E82: 2 | F82: Must-do | G82: Kth Largest Element in an Array | H82: Partition until pivot lands at index k. Average O(n). (also lives in Heap with O(n log k) approach — compare) | I82: Not Started | M82: =HYPERLINK("https://leetcode.com/problems/kth-largest-element-in-an-array/","Solve on LeetCode ↗") | N82: =HYPERLINK("https://github.com/Prateek-5/question-bank/blob/main/DSA/Topics/Sorting_Divide_and_Conquer/learn/Kth_Largest_Element_in_an_Array.md","View Walkthrough ↗")
A83: 82 | B83: Phase 2 · Structures & Idioms | C83: 🔄 Sorting / Divide & Conquer | D83: Counting via merge sort | E83: 3 | G83: Reverse Pairs | H83: During merge, count `i, j` with `nums[i] > 2*nums[j]`. Senior bar. | I83: Not Started | M83: =HYPERLINK("https://leetcode.com/problems/reverse-pairs/","Solve on LeetCode ↗") | N83: =HYPERLINK("https://github.com/Prateek-5/question-bank/blob/main/DSA/Topics/Sorting_Divide_and_Conquer/learn/Reverse_Pairs.md","View Walkthrough ↗")
A84: 83 | B84: Phase 2 · Structures & Idioms | C84: 🔄 Sorting / Divide & Conquer | D84: Counting via merge sort | E84: 4 | G84: Count of Smaller Numbers After Self | H84: Same idea — count during merge, but track original indices. | I84: Not Started | M84: =HYPERLINK("https://leetcode.com/problems/count-of-smaller-numbers-after-self/","Solve on LeetCode ↗") | N84: =HYPERLINK("https://github.com/Prateek-5/question-bank/blob/main/DSA/Topics/Sorting_Divide_and_Conquer/learn/Count_of_Smaller_Numbers_After_Self.md","View Walkthrough ↗")
A85: 84 | B85: Phase 2 · Structures & Idioms | C85: 🔄 Sorting / Divide & Conquer | D85: Observation / greedy | E85: 5 | G85: Minimum Number of Bottles Visible | H85: Sort + greedy stacking. | I85: Not Started | M85: =HYPERLINK("https://leetcode.com/problems/minimum-number-of-bottles-visible-when-standing-on-a-shelf/","Solve on LeetCode ↗") | N85: =HYPERLINK("https://github.com/Prateek-5/question-bank/blob/main/DSA/Topics/Sorting_Divide_and_Conquer/learn/Minimum_Number_of_Bottles_Visible.md","View Walkthrough ↗")
A86: 85 | B86: Phase 2 · Structures & Idioms | C86: 🔄 Sorting / Divide & Conquer | D86: Misfit (BFS — slotted here historically) | E86: 6 | G86: Open the Lock | H86: BFS on the state graph; mention this is really a Graph problem. | I86: Not Started | M86: =HYPERLINK("https://leetcode.com/problems/open-the-lock/","Solve on LeetCode ↗") | N86: =HYPERLINK("https://github.com/Prateek-5/question-bank/blob/main/DSA/Topics/Sorting_Divide_and_Conquer/learn/Open_the_Lock.md","View Walkthrough ↗")
A87: 86 | B87: Phase 2 · Structures & Idioms | C87: 🔁 Recursion | D87: Subsets — include/exclude | E87: 1 | F87: Must-do | G87: Subsets | H87: At each index, branch include/exclude. Or bitmask iteration. | I87: Skipped | M87: =HYPERLINK("https://leetcode.com/problems/subsets/","Solve on LeetCode ↗") | N87: =HYPERLINK("https://github.com/Prateek-5/question-bank/blob/main/DSA/Topics/Recursion/learn/Subsets.md","View Walkthrough ↗")
A88: 87 | B88: Phase 2 · Structures & Idioms | C88: 🔁 Recursion | D88: Subsets — include/exclude | E88: 2 | G88: Subsets II | H88: Sort + skip duplicate at the same depth. | I88: Solved | J88: Yes | K88: 46179 | M88: =HYPERLINK("https://leetcode.com/problems/subsets-ii/","Solve on LeetCode ↗") | N88: =HYPERLINK("https://github.com/Prateek-5/question-bank/blob/main/DSA/Topics/Recursion/learn/Subsets_II.md","View Walkthrough ↗")
A89: 88 | B89: Phase 2 · Structures & Idioms | C89: 🔁 Recursion | D89: Permutations — used[] flag set | E89: 3 | F89: Must-do | G89: Permutations | H89: For each position, try each unused element. | I89: Solved | J89: Yes | K89: 46185 | M89: =HYPERLINK("https://leetcode.com/problems/permutations/","Solve on LeetCode ↗") | N89: =HYPERLINK("https://github.com/Prateek-5/question-bank/blob/main/DSA/Topics/Recursion/learn/Permutations.md","View Walkthrough ↗")
A90: 89 | B90: Phase 2 · Structures & Idioms | C90: 🔁 Recursion | D90: Permutations — used[] flag set | E90: 4 | G90: Permutations II | H90: Sort + `!used[i-1] && nums[i] == nums[i-1] → skip` dedup. The classic subtle rule. | I90: Skipped | M90: =HYPERLINK("https://leetcode.com/problems/permutations-ii/","Solve on LeetCode ↗") | N90: =HYPERLINK("https://github.com/Prateek-5/question-bank/blob/main/DSA/Topics/Recursion/learn/Permutations_II.md","View Walkthrough ↗")
A91: 90 | B91: Phase 2 · Structures & Idioms | C91: 🔁 Recursion | D91: Combination with pruning | E91: 5 | G91: Combination Sum II | H91: Sort + skip duplicates + early break when sum > target. | I91: Not Started | M91: =HYPERLINK("https://leetcode.com/problems/combination-sum-ii/","Solve on LeetCode ↗") | N91: =HYPERLINK("https://github.com/Prateek-5/question-bank/blob/main/DSA/Topics/Recursion/learn/Combination_Sum_II.md","View Walkthrough ↗")
A92: 91 | B92: Phase 2 · Structures & Idioms | C92: 🔁 Recursion | D92: Constraint-driven — N-Queens | E92: 6 | F92: Must-do | G92: N Queens | H92: Track cols, diag1 (r-c), diag2 (r+c) as Sets for O(1) check. Sets > board-scan. | I92: Skipped | M92: =HYPERLINK("https://leetcode.com/problems/n-queens/","Solve on LeetCode ↗") | N92: =HYPERLINK("https://github.com/Prateek-5/question-bank/blob/main/DSA/Topics/Recursion/learn/N_Queens.md","View Walkthrough ↗")
A93: 92 | B93: Phase 2 · Structures & Idioms | C93: ♟️ Backtracking | D93: General | E93: 1 | F93: Must-do | G93: Generate Parentheses | H93: Two counters (`open`, `close`); place `(` if `open < n`, place `)` if `close < open`. Catalan C(n) outputs. | I93: Not Started | M93: =HYPERLINK("https://leetcode.com/problems/generate-parentheses/","Solve on LeetCode ↗") | N93: =HYPERLINK("https://github.com/Prateek-5/question-bank/blob/main/DSA/Topics/Backtracking/learn/Generate_Parentheses.md","View Walkthrough ↗")
A94: 93 | B94: Phase 2 · Structures & Idioms | C94: ♟️ Backtracking | D94: General | E94: 2 | F94: Must-do | G94: Palindrome Partitioning | H94: At each index, try all palindrome prefixes; recurse on the rest. | I94: Not Started | M94: =HYPERLINK("https://leetcode.com/problems/palindrome-partitioning/","Solve on LeetCode ↗") | N94: =HYPERLINK("https://github.com/Prateek-5/question-bank/blob/main/DSA/Topics/Backtracking/learn/Palindrome_Partitioning.md","View Walkthrough ↗")
A95: 94 | B95: Phase 2 · Structures & Idioms | C95: ♟️ Backtracking | D95: General | E95: 3 | G95: Gray Code | H95: Generate by XOR pattern (`i ^ (i >> 1)`) or recursive mirror-prefix. | I95: Not Started | M95: =HYPERLINK("https://leetcode.com/problems/gray-code/","Solve on LeetCode ↗") | N95: =HYPERLINK("https://github.com/Prateek-5/question-bank/blob/main/DSA/Topics/Backtracking/learn/Gray_Code.md","View Walkthrough ↗")
A96: 95 | B96: Phase 2 · Structures & Idioms | C96: ♟️ Backtracking | D96: General | E96: 4 | F96: Must-do | G96: Sudoku Solver | H96: Backtracking with three constraint Sets (rows, cols, boxes). The hardest. for senior interviews. | I96: Not Started | M96: =HYPERLINK("https://leetcode.com/problems/sudoku-solver/","Solve on LeetCode ↗") | N96: =HYPERLINK("https://github.com/Prateek-5/question-bank/blob/main/DSA/Topics/Backtracking/learn/Sudoku_Solver.md","View Walkthrough ↗")
A97: 96 | B97: Phase 3 · Trees & Graphs | C97: 🌳 Trees / Binary Trees | D97: Traversals — the foundation | E97: 1 | F97: Must-do | G97: Binary Tree Preorder Traversal | H97: Visit, left, right. | I97: Solved | K97: 46186 | M97: =HYPERLINK("https://leetcode.com/problems/binary-tree-preorder-traversal/","Solve on LeetCode ↗") | N97: =HYPERLINK("https://github.com/Prateek-5/question-bank/blob/main/DSA/Topics/Trees_Binary_Trees/learn/Binary_Tree_Preorder_Traversal.md","View Walkthrough ↗")
A98: 97 | B98: Phase 3 · Trees & Graphs | C98: 🌳 Trees / Binary Trees | D98: Traversals — the foundation | E98: 2 | F98: Must-do | G98: Binary Tree Inorder Traversal | H98: Left, visit, right. Sorted on BSTs. | I98: Solved | K98: 46186 | M98: =HYPERLINK("https://leetcode.com/problems/binary-tree-inorder-traversal/","Solve on LeetCode ↗") | N98: =HYPERLINK("https://github.com/Prateek-5/question-bank/blob/main/DSA/Topics/Trees_Binary_Trees/learn/Binary_Tree_Inorder_Traversal.md","View Walkthrough ↗")
A99: 98 | B99: Phase 3 · Trees & Graphs | C99: 🌳 Trees / Binary Trees | D99: Traversals — the foundation | E99: 3 | F99: Must-do | G99: Binary Tree Postorder Traversal | H99: Left, right, visit. | I99: Solved | K99: 46186 | M99: =HYPERLINK("https://leetcode.com/problems/binary-tree-postorder-traversal/","Solve on LeetCode ↗") | N99: =HYPERLINK("https://github.com/Prateek-5/question-bank/blob/main/DSA/Topics/Trees_Binary_Trees/learn/Binary_Tree_Postorder_Traversal.md","View Walkthrough ↗")
A100: 99 | B100: Phase 3 · Trees & Graphs | C100: 🌳 Trees / Binary Trees | D100: Traversals — the foundation | E100: 4 | F100: Must-do | G100: Binary Tree Inorder Traversal Iterative | H100: Explicit stack; the "leftmost-first" pattern. | I100: Skipped | M100: =HYPERLINK("https://leetcode.com/problems/binary-tree-inorder-traversal/","Solve on LeetCode ↗") | N100: =HYPERLINK("https://github.com/Prateek-5/question-bank/blob/main/DSA/Topics/Trees_Binary_Trees/learn/Binary_Tree_Inorder_Traversal_Iterative.md","View Walkthrough ↗")
...

Sheet Overall Progress
A1: 📊 Overall Progress Dashboard
A2: Every figure below is a live formula against 'Study Plan' — change a Status or Needs Revisit flag there and this whole dashboard recalculates instantly. A problem can be Solved AND flagged Needs Revisit at the same time.
A4: TOTAL PROBLEMS | E4: SOLVED | I4: IN PROGRESS | M4: NOT STARTED
A5: =COUNTA('Study Plan'!$G$2:$G$227) | E5: =COUNTIF('Study Plan'!$I$2:$I$227,"Solved") | I5: =COUNTIF('Study Plan'!$I$2:$I$227,"In Progress") | M5: =COUNTIF('Study Plan'!$I$2:$I$227,"Not Started")
A8: SKIPPED | E8: NEEDS REVISIT | I8: % COMPLETE | M8: MUST-DO % COMPLETE
A9: =COUNTIF('Study Plan'!$I$2:$I$227,"Skipped") | E9: =COUNTIF('Study Plan'!$J$2:$J$227,"Yes") | I9: =IFERROR(E5/A5,0) | M9: =IFERROR((COUNTIFS('Study Plan'!$F$2:$F$227,"Must-do",'Study Plan'!$I$2:$I$227,"Solved"))/(COUNTIF('Study Plan'!$F$2:$F$227,"Must-do")),0)
A13: Snapshot | D13: Phase | E13: Total | F13: Solved | G13: In Progress | H13: Skipped | I13: Not Started | J13: Needs Revisit | K13: % Complete
A14: Must-do Problems | B14: =COUNTIF('Study Plan'!$F$2:$F$227,"Must-do") | D14: Phase 1 · Foundations | E14: =COUNTIF('Study Plan'!$B$2:$B$227,D14) | F14: =COUNTIFS('Study Plan'!$B$2:$B$227,D14,'Study Plan'!$I$2:$I$227,"Solved") | G14: =COUNTIFS('Study Plan'!$B$2:$B$227,D14,'Study Plan'!$I$2:$I$227,"In Progress") | H14: =COUNTIFS('Study Plan'!$B$2:$B$227,D14,'Study Plan'!$I$2:$I$227,"Skipped") | I14: =COUNTIFS('Study Plan'!$B$2:$B$227,D14,'Study Plan'!$I$2:$I$227,"Not Started") | J14: =COUNTIFS('Study Plan'!$B$2:$B$227,D14,'Study Plan'!$J$2:$J$227,"Yes") | K14: =IFERROR(F14/E14,0)
A15: Must-do Solved | B15: =COUNTIFS('Study Plan'!$F$2:$F$227,"Must-do",'Study Plan'!$I$2:$I$227,"Solved") | D15: Phase 2 · Structures & Idioms | E15: =COUNTIF('Study Plan'!$B$2:$B$227,D15) | F15: =COUNTIFS('Study Plan'!$B$2:$B$227,D15,'Study Plan'!$I$2:$I$227,"Solved") | G15: =COUNTIFS('Study Plan'!$B$2:$B$227,D15,'Study Plan'!$I$2:$I$227,"In Progress") | H15: =COUNTIFS('Study Plan'!$B$2:$B$227,D15,'Study Plan'!$I$2:$I$227,"Skipped") | I15: =COUNTIFS('Study Plan'!$B$2:$B$227,D15,'Study Plan'!$I$2:$I$227,"Not Started") | J15: =COUNTIFS('Study Plan'!$B$2:$B$227,D15,'Study Plan'!$J$2:$J$227,"Yes") | K15: =IFERROR(F15/E15,0)
A16: Solved — Last 7 Days | B16: =COUNTIFS('Study Plan'!$I$2:$I$227,"Solved",'Study Plan'!$K$2:$K$227,">="&TODAY()-7) | D16: Phase 3 · Trees & Graphs | E16: =COUNTIF('Study Plan'!$B$2:$B$227,D16) | F16: =COUNTIFS('Study Plan'!$B$2:$B$227,D16,'Study Plan'!$I$2:$I$227,"Solved") | G16: =COUNTIFS('Study Plan'!$B$2:$B$227,D16,'Study Plan'!$I$2:$I$227,"In Progress") | H16: =COUNTIFS('Study Plan'!$B$2:$B$227,D16,'Study Plan'!$I$2:$I$227,"Skipped") | I16: =COUNTIFS('Study Plan'!$B$2:$B$227,D16,'Study Plan'!$I$2:$I$227,"Not Started") | J16: =COUNTIFS('Study Plan'!$B$2:$B$227,D16,'Study Plan'!$J$2:$J$227,"Yes") | K16: =IFERROR(F16/E16,0)
A17: Solved — Last 30 Days | B17: =COUNTIFS('Study Plan'!$I$2:$I$227,"Solved",'Study Plan'!$K$2:$K$227,">="&TODAY()-30) | D17: Phase 4 · Optimization & Advanced | E17: =COUNTIF('Study Plan'!$B$2:$B$227,D17) | F17: =COUNTIFS('Study Plan'!$B$2:$B$227,D17,'Study Plan'!$I$2:$I$227,"Solved") | G17: =COUNTIFS('Study Plan'!$B$2:$B$227,D17,'Study Plan'!$I$2:$I$227,"In Progress") | H17: =COUNTIFS('Study Plan'!$B$2:$B$227,D17,'Study Plan'!$I$2:$I$227,"Skipped") | I17: =COUNTIFS('Study Plan'!$B$2:$B$227,D17,'Study Plan'!$I$2:$I$227,"Not Started") | J17: =COUNTIFS('Study Plan'!$B$2:$B$227,D17,'Study Plan'!$J$2:$J$227,"Yes") | K17: =IFERROR(F17/E17,0)
A18: Last Solved Date | B18: =IFERROR(MAX('Study Plan'!$K$2:$K$227),"—") | D18: GRAND TOTAL | E18: =SUM(E14:E17) | F18: =SUM(F14:F17) | G18: =SUM(G14:G17) | H18: =SUM(H14:H17) | I18: =SUM(I14:I17) | J18: =SUM(J14:J17) | K18: =IFERROR(F18/E18,0)
A19: Days Since Last Solved | B19: =IFERROR(TODAY()-B18,"—")

Sheet Topic Pipeline
A1: Phase | B1: Topic | C1: Not Started | D1: In Progress | E1: Skipped | F1: Needs Revisit | G1: Solved | H1: Total | I1: % Complete | J1: Must-do Total | K1: Must-do Solved | L1: Must-do %
A2: Phase 1 · Foundations | B2: 📦 Arrays & Matrices | C2: =COUNTIFS('Study Plan'!$C$2:$C$227,B2,'Study Plan'!$I$2:$I$227,"Not Started") | D2: =COUNTIFS('Study Plan'!$C$2:$C$227,B2,'Study Plan'!$I$2:$I$227,"In Progress") | E2: =COUNTIFS('Study Plan'!$C$2:$C$227,B2,'Study Plan'!$I$2:$I$227,"Skipped") | F2: =COUNTIFS('Study Plan'!$C$2:$C$227,B2,'Study Plan'!$J$2:$J$227,"Yes") | G2: =COUNTIFS('Study Plan'!$C$2:$C$227,B2,'Study Plan'!$I$2:$I$227,"Solved") | H2: =COUNTIF('Study Plan'!$C$2:$C$227,B2) | I2: =IFERROR(G2/H2,0) | J2: =COUNTIFS('Study Plan'!$C$2:$C$227,B2,'Study Plan'!$F$2:$F$227,"Must-do") | K2: =COUNTIFS('Study Plan'!$C$2:$C$227,B2,'Study Plan'!$F$2:$F$227,"Must-do",'Study Plan'!$I$2:$I$227,"Solved") | L2: =IFERROR(K2/J2,0)
A3: Phase 1 · Foundations | B3: 📊 1-D & 2-D Arrays | C3: =COUNTIFS('Study Plan'!$C$2:$C$227,B3,'Study Plan'!$I$2:$I$227,"Not Started") | D3: =COUNTIFS('Study Plan'!$C$2:$C$227,B3,'Study Plan'!$I$2:$I$227,"In Progress") | E3: =COUNTIFS('Study Plan'!$C$2:$C$227,B3,'Study Plan'!$I$2:$I$227,"Skipped") | F3: =COUNTIFS('Study Plan'!$C$2:$C$227,B3,'Study Plan'!$J$2:$J$227,"Yes") | G3: =COUNTIFS('Study Plan'!$C$2:$C$227,B3,'Study Plan'!$I$2:$I$227,"Solved") | H3: =COUNTIF('Study Plan'!$C$2:$C$227,B3) | I3: =IFERROR(G3/H3,0) | J3: =COUNTIFS('Study Plan'!$C$2:$C$227,B3,'Study Plan'!$F$2:$F$227,"Must-do") | K3: =COUNTIFS('Study Plan'!$C$2:$C$227,B3,'Study Plan'!$F$2:$F$227,"Must-do",'Study Plan'!$I$2:$I$227,"Solved") | L3: =IFERROR(K3/J3,0)
A4: Phase 1 · Foundations | B4: 🔍 Two Pointers | C4: =COUNTIFS('Study Plan'!$C$2:$C$227,B4,'Study Plan'!$I$2:$I$227,"Not Started") | D4: =COUNTIFS('Study Plan'!$C$2:$C$227,B4,'Study Plan'!$I$2:$I$227,"In Progress") | E4: =COUNTIFS('Study Plan'!$C$2:$C$227,B4,'Study Plan'!$I$2:$I$227,"Skipped") | F4: =COUNTIFS('Study Plan'!$C$2:$C$227,B4,'Study Plan'!$J$2:$J$227,"Yes") | G4: =COUNTIFS('Study Plan'!$C$2:$C$227,B4,'Study Plan'!$I$2:$I$227,"Solved") | H4: =COUNTIF('Study Plan'!$C$2:$C$227,B4) | I4: =IFERROR(G4/H4,0) | J4: =COUNTIFS('Study Plan'!$C$2:$C$227,B4,'Study Plan'!$F$2:$F$227,"Must-do") | K4: =COUNTIFS('Study Plan'!$C$2:$C$227,B4,'Study Plan'!$F$2:$F$227,"Must-do",'Study Plan'!$I$2:$I$227,"Solved") | L4: =IFERROR(K4/J4,0)
A5: Phase 1 · Foundations | B5: 🧮 Hashing / Sliding Window | C5: =COUNTIFS('Study Plan'!$C$2:$C$227,B5,'Study Plan'!$I$2:$I$227,"Not Started") | D5: =COUNTIFS('Study Plan'!$C$2:$C$227,B5,'Study Plan'!$I$2:$I$227,"In Progress") | E5: =COUNTIFS('Study Plan'!$C$2:$C$227,B5,'Study Plan'!$I$2:$I$227,"Skipped") | F5: =COUNTIFS('Study Plan'!$C$2:$C$227,B5,'Study Plan'!$J$2:$J$227,"Yes") | G5: =COUNTIFS('Study Plan'!$C$2:$C$227,B5,'Study Plan'!$I$2:$I$227,"Solved") | H5: =COUNTIF('Study Plan'!$C$2:$C$227,B5) | I5: =IFERROR(G5/H5,0) | J5: =COUNTIFS('Study Plan'!$C$2:$C$227,B5,'Study Plan'!$F$2:$F$227,"Must-do") | K5: =COUNTIFS('Study Plan'!$C$2:$C$227,B5,'Study Plan'!$F$2:$F$227,"Must-do",'Study Plan'!$I$2:$I$227,"Solved") | L5: =IFERROR(K5/J5,0)
A6: Phase 1 · Foundations | B6: 📚 Stack | C6: =COUNTIFS('Study Plan'!$C$2:$C$227,B6,'Study Plan'!$I$2:$I$227,"Not Started") | D6: =COUNTIFS('Study Plan'!$C$2:$C$227,B6,'Study Plan'!$I$2:$I$227,"In Progress") | E6: =COUNTIFS('Study Plan'!$C$2:$C$227,B6,'Study Plan'!$I$2:$I$227,"Skipped") | F6: =COUNTIFS('Study Plan'!$C$2:$C$227,B6,'Study Plan'!$J$2:$J$227,"Yes") | G6: =COUNTIFS('Study Plan'!$C$2:$C$227,B6,'Study Plan'!$I$2:$I$227,"Solved") | H6: =COUNTIF('Study Plan'!$C$2:$C$227,B6) | I6: =IFERROR(G6/H6,0) | J6: =COUNTIFS('Study Plan'!$C$2:$C$227,B6,'Study Plan'!$F$2:$F$227,"Must-do") | K6: =COUNTIFS('Study Plan'!$C$2:$C$227,B6,'Study Plan'!$F$2:$F$227,"Must-do",'Study Plan'!$I$2:$I$227,"Solved") | L6: =IFERROR(K6/J6,0)
A7: Phase 1 · Foundations | B7: 🔗 Linked List | C7: =COUNTIFS('Study Plan'!$C$2:$C$227,B7,'Study Plan'!$I$2:$I$227,"Not Started") | D7: =COUNTIFS('Study Plan'!$C$2:$C$227,B7,'Study Plan'!$I$2:$I$227,"In Progress") | E7: =COUNTIFS('Study Plan'!$C$2:$C$227,B7,'Study Plan'!$I$2:$I$227,"Skipped") | F7: =COUNTIFS('Study Plan'!$C$2:$C$227,B7,'Study Plan'!$J$2:$J$227,"Yes") | G7: =COUNTIFS('Study Plan'!$C$2:$C$227,B7,'Study Plan'!$I$2:$I$227,"Solved") | H7: =COUNTIF('Study Plan'!$C$2:$C$227,B7) | I7: =IFERROR(G7/H7,0) | J7: =COUNTIFS('Study Plan'!$C$2:$C$227,B7,'Study Plan'!$F$2:$F$227,"Must-do") | K7: =COUNTIFS('Study Plan'!$C$2:$C$227,B7,'Study Plan'!$F$2:$F$227,"Must-do",'Study Plan'!$I$2:$I$227,"Solved") | L7: =IFERROR(K7/J7,0)
A8: Phase 1 · Foundations | B8: 🔍 Searching / Binary Search | C8: =COUNTIFS('Study Plan'!$C$2:$C$227,B8,'Study Plan'!$I$2:$I$227,"Not Started") | D8: =COUNTIFS('Study Plan'!$C$2:$C$227,B8,'Study Plan'!$I$2:$I$227,"In Progress") | E8: =COUNTIFS('Study Plan'!$C$2:$C$227,B8,'Study Plan'!$I$2:$I$227,"Skipped") | F8: =COUNTIFS('Study Plan'!$C$2:$C$227,B8,'Study Plan'!$J$2:$J$227,"Yes") | G8: =COUNTIFS('Study Plan'!$C$2:$C$227,B8,'Study Plan'!$I$2:$I$227,"Solved") | H8: =COUNTIF('Study Plan'!$C$2:$C$227,B8) | I8: =IFERROR(G8/H8,0) | J8: =COUNTIFS('Study Plan'!$C$2:$C$227,B8,'Study Plan'!$F$2:$F$227,"Must-do") | K8: =COUNTIFS('Study Plan'!$C$2:$C$227,B8,'Study Plan'!$F$2:$F$227,"Must-do",'Study Plan'!$I$2:$I$227,"Solved") | L8: =IFERROR(K8/J8,0)
A9: Phase 2 · Structures & Idioms | B9: ➗ Math | C9: =COUNTIFS('Study Plan'!$C$2:$C$227,B9,'Study Plan'!$I$2:$I$227,"Not Started") | D9: =COUNTIFS('Study Plan'!$C$2:$C$227,B9,'Study Plan'!$I$2:$I$227,"In Progress") | E9: =COUNTIFS('Study Plan'!$C$2:$C$227,B9,'Study Plan'!$I$2:$I$227,"Skipped") | F9: =COUNTIFS('Study Plan'!$C$2:$C$227,B9,'Study Plan'!$J$2:$J$227,"Yes") | G9: =COUNTIFS('Study Plan'!$C$2:$C$227,B9,'Study Plan'!$I$2:$I$227,"Solved") | H9: =COUNTIF('Study Plan'!$C$2:$C$227,B9) | I9: =IFERROR(G9/H9,0) | J9: =COUNTIFS('Study Plan'!$C$2:$C$227,B9,'Study Plan'!$F$2:$F$227,"Must-do") | K9: =COUNTIFS('Study Plan'!$C$2:$C$227,B9,'Study Plan'!$F$2:$F$227,"Must-do",'Study Plan'!$I$2:$I$227,"Solved") | L9: =IFERROR(K9/J9,0)
A10: Phase 2 · Structures & Idioms | B10: 🧮 Bit Manipulation | C10: =COUNTIFS('Study Plan'!$C$2:$C$227,B10,'Study Plan'!$I$2:$I$227,"Not Started") | D10: =COUNTIFS('Study Plan'!$C$2:$C$227,B10,'Study Plan'!$I$2:$I$227,"In Progress") | E10: =COUNTIFS('Study Plan'!$C$2:$C$227,B10,'Study Plan'!$I$2:$I$227,"Skipped") | F10: =COUNTIFS('Study Plan'!$C$2:$C$227,B10,'Study Plan'!$J$2:$J$227,"Yes") | G10: =COUNTIFS('Study Plan'!$C$2:$C$227,B10,'Study Plan'!$I$2:$I$227,"Solved") | H10: =COUNTIF('Study Plan'!$C$2:$C$227,B10) | I10: =IFERROR(G10/H10,0) | J10: =COUNTIFS('Study Plan'!$C$2:$C$227,B10,'Study Plan'!$F$2:$F$227,"Must-do") | K10: =COUNTIFS('Study Plan'!$C$2:$C$227,B10,'Study Plan'!$F$2:$F$227,"Must-do",'Study Plan'!$I$2:$I$227,"Solved") | L10: =IFERROR(K10/J10,0)
A11: Phase 2 · Structures & Idioms | B11: 🚦 Queues / Deque / Monotonic Queue | C11: =COUNTIFS('Study Plan'!$C$2:$C$227,B11,'Study Plan'!$I$2:$I$227,"Not Started") | D11: =COUNTIFS('Study Plan'!$C$2:$C$227,B11,'Study Plan'!$I$2:$I$227,"In Progress") | E11: =COUNTIFS('Study Plan'!$C$2:$C$227,B11,'Study Plan'!$I$2:$I$227,"Skipped") | F11: =COUNTIFS('Study Plan'!$C$2:$C$227,B11,'Study Plan'!$J$2:$J$227,"Yes") | G11: =COUNTIFS('Study Plan'!$C$2:$C$227,B11,'Study Plan'!$I$2:$I$227,"Solved") | H11: =COUNTIF('Study Plan'!$C$2:$C$227,B11) | I11: =IFERROR(G11/H11,0) | J11: =COUNTIFS('Study Plan'!$C$2:$C$227,B11,'Study Plan'!$F$2:$F$227,"Must-do") | K11: =COUNTIFS('Study Plan'!$C$2:$C$227,B11,'Study Plan'!$F$2:$F$227,"Must-do",'Study Plan'!$I$2:$I$227,"Solved") | L11: =IFERROR(K11/J11,0)
A12: Phase 2 · Structures & Idioms | B12: 🔄 Sorting / Divide & Conquer | C12: =COUNTIFS('Study Plan'!$C$2:$C$227,B12,'Study Plan'!$I$2:$I$227,"Not Started") | D12: =COUNTIFS('Study Plan'!$C$2:$C$227,B12,'Study Plan'!$I$2:$I$227,"In Progress") | E12: =COUNTIFS('Study Plan'!$C$2:$C$227,B12,'Study Plan'!$I$2:$I$227,"Skipped") | F12: =COUNTIFS('Study Plan'!$C$2:$C$227,B12,'Study Plan'!$J$2:$J$227,"Yes") | G12: =COUNTIFS('Study Plan'!$C$2:$C$227,B12,'Study Plan'!$I$2:$I$227,"Solved") | H12: =COUNTIF('Study Plan'!$C$2:$C$227,B12) | I12: =IFERROR(G12/H12,0) | J12: =COUNTIFS('Study Plan'!$C$2:$C$227,B12,'Study Plan'!$F$2:$F$227,"Must-do") | K12: =COUNTIFS('Study Plan'!$C$2:$C$227,B12,'Study Plan'!$F$2:$F$227,"Must-do",'Study Plan'!$I$2:$I$227,"Solved") | L12: =IFERROR(K12/J12,0)
A13: Phase 2 · Structures & Idioms | B13: 🔁 Recursion | C13: =COUNTIFS('Study Plan'!$C$2:$C$227,B13,'Study Plan'!$I$2:$I$227,"Not Started") | D13: =COUNTIFS('Study Plan'!$C$2:$C$227,B13,'Study Plan'!$I$2:$I$227,"In Progress") | E13: =COUNTIFS('Study Plan'!$C$2:$C$227,B13,'Study Plan'!$I$2:$I$227,"Skipped") | F13: =COUNTIFS('Study Plan'!$C$2:$C$227,B13,'Study Plan'!$J$2:$J$227,"Yes") | G13: =COUNTIFS('Study Plan'!$C$2:$C$227,B13,'Study Plan'!$I$2:$I$227,"Solved") | H13: =COUNTIF('Study Plan'!$C$2:$C$227,B13) | I13: =IFERROR(G13/H13,0) | J13: =COUNTIFS('Study Plan'!$C$2:$C$227,B13,'Study Plan'!$F$2:$F$227,"Must-do") | K13: =COUNTIFS('Study Plan'!$C$2:$C$227,B13,'Study Plan'!$F$2:$F$227,"Must-do",'Study Plan'!$I$2:$I$227,"Solved") | L13: =IFERROR(K13/J13,0)
... A23: Phase 4 · Optimization & Advanced | B23: 🔢 Number Theory / Misc | C23: =COUNTIFS('Study Plan'!$C$2:$C$227,B23,'Study Plan'!$I$2:$I$227,"Not Started") | D23: =COUNTIFS('Study Plan'!$C$2:$C$227,B23,'Study Plan'!$I$2:$I$227,"In Progress") | E23: =COUNTIFS('Study Plan'!$C$2:$C$227,B23,'Study Plan'!$I$2:$I$227,"Skipped") | F23: =COUNTIFS('Study Plan'!$C$2:$C$227,B23,'Study Plan'!$J$2:$J$227,"Yes") | G23: =COUNTIFS('Study Plan'!$C$2:$C$227,B23,'Study Plan'!$I$2:$I$227,"Solved") | H23: =COUNTIF('Study Plan'!$C$2:$C$227,B23) | I23: =IFERROR(G23/H23,0) | J23: =COUNTIFS('Study Plan'!$C$2:$C$227,B23,'Study Plan'!$F$2:$F$227,"Must-do") | K23: =COUNTIFS('Study Plan'!$C$2:$C$227,B23,'Study Plan'!$F$2:$F$227,"Must-do",'Study Plan'!$I$2:$I$227,"Solved") | L23: =IFERROR(K23/J23,0)
B24: GRAND TOTAL (22 topics) | C24: =SUM(C2:C23) | D24: =SUM(D2:D23) | E24: =SUM(E2:E23) | F24: =SUM(F2:F23) | G24: =SUM(G2:G23) | H24: =SUM(H2:H23) | I24: =IFERROR(G24/H24,0) | J24: =SUM(J2:J23) | K24: =SUM(K2:K23) | L24: =IFERROR(K24/J24,0)

Sheet Pending Queue
A1: 🟠 Pending Queue — Not Started + In Progress, in study order
A2: Dynamic — FILTER() pulled live from 'Study Plan'. Skipped problems are excluded on purpose; see the Skipped tab.
A3: # | B3: Phase | C3: Topic | D3: Sub-Pattern | E3: Topic Order# | F3: Priority | G3: Problem | H3: Pattern / Approach Note | I3: Status | J3: Needs Revisit | K3: Date Solved | L3: Notes | M3: LeetCode Link | N3: Walkthrough
A4: =IFERROR(FILTER('Study Plan'!$A$2:$N$227,('Study Plan'!$I$2:$I$227="Not Started")+('Study Plan'!$I$2:$I$227="In Progress")),"Nothing pending — every problem has been started or solved. 🎉")

Sheet Revisit Queue
A1: 🔁 Revisit Queue — flagged for a second pass (independent of Status)
A2: Dynamic — a problem can be Solved AND still show up here if Needs Revisit = Yes.
A3: # | B3: Phase | C3: Topic | D3: Sub-Pattern | E3: Topic Order# | F3: Priority | G3: Problem | H3: Pattern / Approach Note | I3: Status | J3: Needs Revisit | K3: Date Solved | L3: Notes | M3: LeetCode Link | N3: Walkthrough
A4: =IFERROR(FILTER('Study Plan'!$A$2:$N$227,'Study Plan'!$J$2:$J$227="Yes"),"Nothing marked Needs Revisit right now. 🎉")

Sheet Skipped
A1: ⏭️ Skipped — deliberately not attempted
A2: Dynamic — problems whose Status is Skipped. Kept separate from Not Started since these were a deliberate call, not a backlog.
A3: # | B3: Phase | C3: Topic | D3: Sub-Pattern | E3: Topic Order# | F3: Priority | G3: Problem | H3: Pattern / Approach Note | I3: Status | J3: Needs Revisit | K3: Date Solved | L3: Notes | M3: LeetCode Link | N3: Walkthrough
A4: =IFERROR(FILTER('Study Plan'!$A$2:$N$227,'Study Plan'!$I$2:$I$227="Skipped"),"Nothing marked Skipped right now.")

Sheet Data Issues (source xlsx)
A1: Issue | B1: Row A | C1: Row B
A2: Duplicate problem entry in current_progress.xlsx | B2: S.No 20.0: Number of Operations to Make Network Connected (https://leetcode.com/problems/number-of-operations-to-make-network-connected/) | C2: S.No 44.0: Number of Operations to Make Network Connected (https://leetcode.com/problems/number-of-operations-to-make-network-connected/description/)
A3: Duplicate problem entry in current_progress.xlsx | B3: S.No 153.0: Count Substrings That Differ by One Character (https://leetcode.com/problems/count-substrings-that-differ-by-one-character/) | C3: S.No 155.0: Count Substrings That Differ by One Character (https://leetcode.com/problems/count-substrings-that-differ-by-one-character/description/)
A4: Duplicate problem entry in current_progress.xlsx | B4: S.No 171.0: Unique Binary Search Trees (https://leetcode.com/problems/unique-binary-search-trees/) | C4: S.No 182.0: Unique Binary Search Trees (https://leetcode.com/problems/unique-binary-search-trees/)
A5: Duplicate problem entry in current_progress.xlsx | B5: S.No 175.0: Numbers at Most N Given Digit Set (https://leetcode.com/problems/numbers-at-most-n-given-digit-set/) | C5: S.No 183.0: Numbers At Most N Given Digit Set (https://leetcode.com/problems/numbers-at-most-n-given-digit-set/description/)
A6: Free-text note preserved from source Notes column | B6: Number of Provinces | C6: This is a variation of DFS
A7: Free-text note preserved from source Notes column | B7: Binary Tree Left Side View | C7: Question is removed from LeetCode
A8: Free-text note preserved from source Notes column | B8: Construct Binary Tree from Traversals | C8: Repeated question
A10: Note: duplicates are de-duplicated automatically in Study Plan. 'Revisit' and 'Skipped' values that used to live in the Notes column are now modeled as Needs Revisit / Status = Skipped instead.
